img,MALIGNANT
BENIGN (1).jpg,0
BENIGN (10).jpg,0
BENIGN (100).jpg,0
BENIGN (101).jpg,0
BENIGN (102).jpg,0
BENIGN (103).jpg,0
BENIGN (104).jpg,0
BENIGN (105).jpg,0
BENIGN (106).jpg,0
BENIGN (107).jpg,0
BENIGN (108).jpg,0
BENIGN (109).jpg,0
BENIGN (11).jpg,0
BENIGN (110).jpg,0
BENIGN (111).jpg,0
BENIGN (112).jpg,0
BENIGN (113).jpg,0
BENIGN (114).jpg,0
BENIGN (115).jpg,0
BENIGN (116).jpg,0
BENIGN (117).jpg,0
BENIGN (118).jpg,0
BENIGN (119).jpg,0
BENIGN (12).jpg,0
BENIGN (120).jpg,0
BENIGN (121).jpg,0
BENIGN (122).jpg,0
BENIGN (123).jpg,0
BENIGN (124).jpg,0
BENIGN (125).jpg,0
BENIGN (126).jpg,0
BENIGN (127).jpg,0
BENIGN (128).jpg,0
BENIGN (129).jpg,0
BENIGN (13).jpg,0
BENIGN (130).jpg,0
BENIGN (131).jpg,0
BENIGN (132).jpg,0
BENIGN (14).jpg,0
BENIGN (15).jpg,0
BENIGN (16).jpg,0
BENIGN (17).jpg,0
BENIGN (18).jpg,0
BENIGN (19).jpg,0
BENIGN (2).jpg,0
BENIGN (20).jpg,0
BENIGN (21).jpg,0
BENIGN (22).jpg,0
BENIGN (23).jpg,0
BENIGN (24).jpg,0
BENIGN (25).jpg,0
BENIGN (26).jpg,0
BENIGN (27).jpg,0
BENIGN (28).jpg,0
BENIGN (29).jpg,0
BENIGN (3).jpg,0
BENIGN (30).jpg,0
BENIGN (31).jpg,0
BENIGN (32).jpg,0
BENIGN (33).jpg,0
BENIGN (34).jpg,0
BENIGN (35).jpg,0
BENIGN (36).jpg,0
BENIGN (37).jpg,0
BENIGN (38).jpg,0
BENIGN (39).jpg,0
BENIGN (4).jpg,0
BENIGN (40).jpg,0
BENIGN (41).jpg,0
BENIGN (42).jpg,0
BENIGN (43).jpg,0
BENIGN (44).jpg,0
BENIGN (45).jpg,0
BENIGN (46).jpg,0
BENIGN (47).jpg,0
BENIGN (48).jpg,0
BENIGN (49).jpg,0
BENIGN (5).jpg,0
BENIGN (50).jpg,0
BENIGN (51).jpg,0
BENIGN (52).jpg,0
BENIGN (53).jpg,0
BENIGN (54).jpg,0
BENIGN (55).jpg,0
BENIGN (56).jpg,0
BENIGN (57).jpg,0
BENIGN (58).jpg,0
BENIGN (59).jpg,0
BENIGN (6).jpg,0
BENIGN (60).jpg,0
BENIGN (61).jpg,0
BENIGN (62).jpg,0
BENIGN (63).jpg,0
BENIGN (64).jpg,0
BENIGN (65).jpg,0
BENIGN (66).jpg,0
BENIGN (67).jpg,0
BENIGN (68).jpg,0
BENIGN (69).jpg,0
BENIGN (7).jpg,0
BENIGN (70).jpg,0
BENIGN (71).jpg,0
BENIGN (72).jpg,0
BENIGN (73).jpg,0
BENIGN (74).jpg,0
BENIGN (75).jpg,0
BENIGN (76).jpg,0
BENIGN (77).jpg,0
BENIGN (78).jpg,0
BENIGN (79).jpg,0
BENIGN (8).jpg,0
BENIGN (80).jpg,0
BENIGN (81).jpg,0
BENIGN (82).jpg,0
BENIGN (83).jpg,0
BENIGN (84).jpg,0
BENIGN (85).jpg,0
BENIGN (86).jpg,0
BENIGN (87).jpg,0
BENIGN (88).jpg,0
BENIGN (89).jpg,0
BENIGN (9).jpg,0
BENIGN (90).jpg,0
BENIGN (91).jpg,0
BENIGN (92).jpg,0
BENIGN (93).jpg,0
BENIGN (94).jpg,0
BENIGN (95).jpg,0
BENIGN (96).jpg,0
BENIGN (97).jpg,0
BENIGN (98).jpg,0
BENIGN (99).jpg,0
MALIGNANT (1).jpg,1
MALIGNANT (10).jpg,1
MALIGNANT (100).jpg,1
MALIGNANT (101).jpg,1
MALIGNANT (102).jpg,1
MALIGNANT (103).jpg,1
MALIGNANT (104).jpg,1
MALIGNANT (105).jpg,1
MALIGNANT (106).jpg,1
MALIGNANT (107).jpg,1
MALIGNANT (108).jpg,1
MALIGNANT (109).jpg,1
MALIGNANT (11).jpg,1
MALIGNANT (110).jpg,1
MALIGNANT (111).jpg,1
MALIGNANT (112).jpg,1
MALIGNANT (113).jpg,1
MALIGNANT (114).jpg,1
MALIGNANT (115).jpg,1
MALIGNANT (116).jpg,1
MALIGNANT (117).jpg,1
MALIGNANT (118).jpg,1
MALIGNANT (119).jpg,1
MALIGNANT (12).jpg,1
MALIGNANT (120).jpg,1
MALIGNANT (121).jpg,1
MALIGNANT (122).jpg,1
MALIGNANT (123).jpg,1
MALIGNANT (124).jpg,1
MALIGNANT (125).jpg,1
MALIGNANT (126).jpg,1
MALIGNANT (127).jpg,1
MALIGNANT (128).jpg,1
MALIGNANT (129).jpg,1
MALIGNANT (13).jpg,1
MALIGNANT (130).jpg,1
MALIGNANT (131).jpg,1
MALIGNANT (132).jpg,1
MALIGNANT (133).jpg,1
MALIGNANT (134).jpg,1
MALIGNANT (135).jpg,1
MALIGNANT (136).jpg,1
MALIGNANT (137).jpg,1
MALIGNANT (138).jpg,1
MALIGNANT (139).jpg,1
MALIGNANT (14).jpg,1
MALIGNANT (140).jpg,1
MALIGNANT (141).jpg,1
MALIGNANT (142).jpg,1
MALIGNANT (143).jpg,1
MALIGNANT (144).jpg,1
MALIGNANT (145).jpg,1
MALIGNANT (146).jpg,1
MALIGNANT (147).jpg,1
MALIGNANT (148).jpg,1
MALIGNANT (149).jpg,1
MALIGNANT (15).jpg,1
MALIGNANT (150).jpg,1
MALIGNANT (151).jpg,1
MALIGNANT (152).jpg,1
MALIGNANT (153).jpg,1
MALIGNANT (154).jpg,1
MALIGNANT (155).jpg,1
MALIGNANT (156).jpg,1
MALIGNANT (157).jpg,1
MALIGNANT (158).jpg,1
MALIGNANT (159).jpg,1
MALIGNANT (16).jpg,1
MALIGNANT (160).jpg,1
MALIGNANT (161).jpg,1
MALIGNANT (162).jpg,1
MALIGNANT (163).jpg,1
MALIGNANT (164).jpg,1
MALIGNANT (165).jpg,1
MALIGNANT (166).jpg,1
MALIGNANT (167).jpg,1
MALIGNANT (168).jpg,1
MALIGNANT (169).jpg,1
MALIGNANT (17).jpg,1
MALIGNANT (170).jpg,1
MALIGNANT (171).jpg,1
MALIGNANT (172).jpg,1
MALIGNANT (173).jpg,1
MALIGNANT (174).jpg,1
MALIGNANT (175).jpg,1
MALIGNANT (176).jpg,1
MALIGNANT (177).jpg,1
MALIGNANT (178).jpg,1
MALIGNANT (179).jpg,1
MALIGNANT (18).jpg,1
MALIGNANT (180).jpg,1
MALIGNANT (181).jpg,1
MALIGNANT (182).jpg,1
MALIGNANT (183).jpg,1
MALIGNANT (184).jpg,1
MALIGNANT (185).jpg,1
MALIGNANT (186).jpg,1
MALIGNANT (187).jpg,1
MALIGNANT (188).jpg,1
MALIGNANT (189).jpg,1
MALIGNANT (19).jpg,1
MALIGNANT (190).jpg,1
MALIGNANT (191).jpg,1
MALIGNANT (192).jpg,1
MALIGNANT (193).jpg,1
MALIGNANT (194).jpg,1
MALIGNANT (195).jpg,1
MALIGNANT (196).jpg,1
MALIGNANT (2).jpg,1
MALIGNANT (20).jpg,1
MALIGNANT (21).jpg,1
MALIGNANT (22).jpg,1
MALIGNANT (23).jpg,1
MALIGNANT (24).jpg,1
MALIGNANT (25).jpg,1
MALIGNANT (26).jpg,1
MALIGNANT (27).jpg,1
MALIGNANT (28).jpg,1
MALIGNANT (29).jpg,1
MALIGNANT (3).jpg,1
MALIGNANT (30).jpg,1
MALIGNANT (31).jpg,1
MALIGNANT (32).jpg,1
MALIGNANT (33).jpg,1
MALIGNANT (34).jpg,1
MALIGNANT (35).jpg,1
MALIGNANT (36).jpg,1
MALIGNANT (37).jpg,1
MALIGNANT (38).jpg,1
MALIGNANT (39).jpg,1
MALIGNANT (4).jpg,1
MALIGNANT (40).jpg,1
MALIGNANT (41).jpg,1
MALIGNANT (42).jpg,1
MALIGNANT (43).jpg,1
MALIGNANT (44).jpg,1
MALIGNANT (45).jpg,1
MALIGNANT (46).jpg,1
MALIGNANT (47).jpg,1
MALIGNANT (48).jpg,1
MALIGNANT (49).jpg,1
MALIGNANT (5).jpg,1
MALIGNANT (50).jpg,1
MALIGNANT (51).jpg,1
MALIGNANT (52).jpg,1
MALIGNANT (53).jpg,1
MALIGNANT (54).jpg,1
MALIGNANT (55).jpg,1
MALIGNANT (56).jpg,1
MALIGNANT (57).jpg,1
MALIGNANT (58).jpg,1
MALIGNANT (59).jpg,1
MALIGNANT (6).jpg,1
MALIGNANT (60).jpg,1
MALIGNANT (61).jpg,1
MALIGNANT (62).jpg,1
MALIGNANT (63).jpg,1
MALIGNANT (64).jpg,1
MALIGNANT (65).jpg,1
MALIGNANT (66).jpg,1
MALIGNANT (67).jpg,1
MALIGNANT (68).jpg,1
MALIGNANT (69).jpg,1
MALIGNANT (7).jpg,1
MALIGNANT (70).jpg,1
MALIGNANT (71).jpg,1
MALIGNANT (72).jpg,1
MALIGNANT (73).jpg,1
MALIGNANT (74).jpg,1
MALIGNANT (75).jpg,1
MALIGNANT (76).jpg,1
MALIGNANT (77).jpg,1
MALIGNANT (78).jpg,1
MALIGNANT (79).jpg,1
MALIGNANT (8).jpg,1
MALIGNANT (80).jpg,1
MALIGNANT (81).jpg,1
MALIGNANT (82).jpg,1
MALIGNANT (83).jpg,1
MALIGNANT (84).jpg,1
MALIGNANT (85).jpg,1
MALIGNANT (86).jpg,1
MALIGNANT (87).jpg,1
MALIGNANT (88).jpg,1
MALIGNANT (89).jpg,1
MALIGNANT (9).jpg,1
MALIGNANT (90).jpg,1
MALIGNANT (91).jpg,1
MALIGNANT (92).jpg,1
MALIGNANT (93).jpg,1
MALIGNANT (94).jpg,1
MALIGNANT (95).jpg,1
MALIGNANT (96).jpg,1
MALIGNANT (97).jpg,1
MALIGNANT (98).jpg,1
MALIGNANT (99).jpg,1
